meter_number,meter_size,branch,current_location,status
NCWSC1501120125,0.5'',roysambu,roysambu store,available
NCWSC1501120125,0.5'',roysambu,roysambu store,available
NCWSC1501120225,0.5'',roysambu,roysambu store,available
NCWSC1501120325,0.5'',roysambu,roysambu store,available
NCWSC1501120525,0.5'',roysambu,roysambu store,available
NCWSC1501120525,0.5'',roysambu,roysambu store,available
NCWSC1501120725,0.5'',roysambu,roysambu store,available
NCWSC1501120825,0.5'',roysambu,roysambu store,available
NCWSC1501120925,0.5'',roysambu,roysambu store,available
NCWSC1501121225,0.5'',roysambu,roysambu store,available
NCWSC1501121325,0.5'',roysambu,roysambu store,available
NCWSC1501121425,0.5'',roysambu,roysambu store,available
NCWSC1501121525,0.5'',roysambu,roysambu store,available
NCWSC1501121625,0.5'',roysambu,roysambu store,available
NCWSC1501121825,0.5'',roysambu,roysambu store,available
NCWSC1501122225,0.5'',roysambu,roysambu store,available
NCWSC1501122325,0.5'',roysambu,roysambu store,available
NCWSC1501122425,0.5'',roysambu,roysambu store,available
NCWSC1501122525,0.5'',roysambu,roysambu store,available
NCWSC1501122625,0.5'',roysambu,roysambu store,available
NCWSC1501122725,0.5'',roysambu,roysambu store,available
NCWSC1501122825,0.5'',roysambu,roysambu store,available
NCWSC1501122925,0.5'',roysambu,roysambu store,available
NCWSC1501123025,0.5'',roysambu,roysambu store,available
NCWSC1501124125,0.5'',roysambu,roysambu store,available
NCWSC1501124225,0.5'',roysambu,roysambu store,available
NCWSC1501124325,0.5'',roysambu,roysambu store,available
NCWSC1501124425,0.5'',roysambu,roysambu store,available
NCWSC1501124725,0.5'',roysambu,roysambu store,available
NCWSC1501124825,0.5'',roysambu,roysambu store,available
NCWSC1501124925,0.5'',roysambu,roysambu store,available
NCWSC1501125025,0.5'',roysambu,roysambu store,available
NCWSC1501127125,0.5'',roysambu,roysambu store,available
NCWSC1501127325,0.5'',roysambu,roysambu store,available
NCWSC1501127425,0.5'',roysambu,roysambu store,available
NCWSC1501127525,0.5'',roysambu,roysambu store,available
NCWSC1501127625,0.5'',roysambu,roysambu store,available
NCWSC1501127825,0.5'',roysambu,roysambu store,available
NCWSC1501131125,0.5'',roysambu,roysambu store,available
NCWSC1501131225,0.5'',roysambu,roysambu store,available
NCWSC1501134125,0.5'',roysambu,roysambu store,available
NCWSC1501134525,0.5'',roysambu,roysambu store,available
NCWSC1501134625,0.5'',roysambu,roysambu store,available
NCWSC1501134725,0.5'',roysambu,roysambu store,available
NCWSC1501134825,0.5'',roysambu,roysambu store,available
NCWSC1501134925,0.5'',roysambu,roysambu store,available
NCWSC1501135125,0.5'',roysambu,roysambu store,available
NCWSC1501135225,0.5'',roysambu,roysambu store,available
NCWSC1501135425,0.5'',roysambu,roysambu store,available
NCWSC1501135525,0.5'',roysambu,roysambu store,available
NCWSC1501135625,0.5'',roysambu,roysambu store,available
NCWSC1501135825,0.5'',roysambu,roysambu store,available
NCWSC1501137125,0.5'',roysambu,roysambu store,available
NCWSC1501137225,0.5'',roysambu,roysambu store,available
NCWSC1501137425,0.5'',roysambu,roysambu store,available
NCWSC1501137625,0.5'',roysambu,roysambu store,available
NCWSC1501137725,0.5'',roysambu,roysambu store,available
NCWSC1501138025,0.5'',roysambu,roysambu store,available
NCWSC1501138125,0.5'',roysambu,roysambu store,available
NCWSC1501138225,0.5'',roysambu,roysambu store,available
NCWSC1501138325,0.5'',roysambu,roysambu store,available
NCWSC1501138425,0.5'',roysambu,roysambu store,available
NCWSC1501138525,0.5'',roysambu,roysambu store,available
NCWSC1501138625,0.5'',roysambu,roysambu store,available
NCWSC1501138725,0.5'',roysambu,roysambu store,available
NCWSC1501138925,0.5'',roysambu,roysambu store,available
NCWSC1501139025,0.5'',roysambu,roysambu store,available
NCWSC1501140225,0.5'',roysambu,roysambu store,available
NCWSC1501140425,0.5'',roysambu,roysambu store,available
NCWSC1501140525,0.5'',roysambu,roysambu store,available
NCWSC1501140825,0.5'',roysambu,roysambu store,available
NCWSC1501141025,0.5'',roysambu,roysambu store,available
NCWSC1501146225,0.5'',roysambu,roysambu store,available
NCWSC1501146325,0.5'',roysambu,roysambu store,available
NCWSC1501146425,0.5'',roysambu,roysambu store,available
NCWSC1501146925,0.5'',roysambu,roysambu store,available
NCWSC1501147025,0.5'',roysambu,roysambu store,available
NCWSC1501147125,0.5'',roysambu,roysambu store,available
NCWSC1501147225,0.5'',roysambu,roysambu store,available
NCWSC1501147425,0.5'',roysambu,roysambu store,available
NCWSC1501147525,0.5'',roysambu,roysambu store,available
NCWSC1501147625,0.5'',roysambu,roysambu store,available
NCWSC1501147725,0.5'',roysambu,roysambu store,available
NCWSC1501147825,0.5'',roysambu,roysambu store,available
NCWSC1501147925,0.5'',roysambu,roysambu store,available
NCWSC1501148025,0.5'',roysambu,roysambu store,available
NCWSC1501363825,0.5'',roysambu,roysambu store,available
NCWSC1505426516,0.5'',roysambu,roysambu store,available
NCWSC1507656916,0.5'',roysambu,roysambu store,available
NCWSC1501122125s,0.5'',roysambu,roysambu store,available
NCWSC1501123125S,0.5'',roysambu,roysambu store,available
NCWSC1501123225S,0.5'',roysambu,roysambu store,available
NCWSC1501123325S,0.5'',roysambu,roysambu store,available
NCWSC1501123425S,0.5'',roysambu,roysambu store,available
NCWSC1501123525S,0.5'',roysambu,roysambu store,available
NCWSC1501123625S,0.5'',roysambu,roysambu store,available
NCWSC1501123725S,0.5'',roysambu,roysambu store,available
NCWSC1501123825S,0.5'',roysambu,roysambu store,available
NCWSC1501123925S,0.5'',roysambu,roysambu store,available
NCWSC1501124025S,0.5'',roysambu,roysambu store,available
NCWSC1501125125S,0.5'',roysambu,roysambu store,available
NCWSC1501125225S,0.5'',roysambu,roysambu store,available
NCWSC1501125325S,0.5'',roysambu,roysambu store,available
NCWSC1501125425S,0.5'',roysambu,roysambu store,available
NCWSC1501125525S,0.5'',roysambu,roysambu store,available
NCWSC1501125625S,0.5'',roysambu,roysambu store,available
NCWSC1501125725S,0.5'',roysambu,roysambu store,available
NCWSC1501125825S,0.5'',roysambu,roysambu store,available
NCWSC1501125925S,0.5'',roysambu,roysambu store,available
NCWSC1501126025S,0.5'',roysambu,roysambu store,available
NCWSC1501128125S,0.5'',roysambu,roysambu store,available
NCWSC1501128225S,0.5'',roysambu,roysambu store,available
NCWSC1501128325S,0.5'',roysambu,roysambu store,available
NCWSC1501128525S,0.5'',roysambu,roysambu store,available
NCWSC1501128625S,0.5'',roysambu,roysambu store,available
NCWSC1501128725S,0.5'',roysambu,roysambu store,available
NCWSC1501128825S,0.5'',roysambu,roysambu store,available
NCWSC1501128925S,0.5'',roysambu,roysambu store,available
NCWSC1501129125S,0.5'',roysambu,roysambu store,available
NCWSC1501129225S,0.5'',roysambu,roysambu store,available
NCWSC1501129325S,0.5'',roysambu,roysambu store,available
NCWSC1501129425S,0.5'',roysambu,roysambu store,available
NCWSC1501129525S,0.5'',roysambu,roysambu store,available
NCWSC1501129625S,0.5'',roysambu,roysambu store,available
NCWSC1501129725S,0.5'',roysambu,roysambu store,available
NCWSC1501129825S,0.5'',roysambu,roysambu store,available
NCWSC1501129925S,0.5'',roysambu,roysambu store,available
NCWSC1501130025S,0.5'',roysambu,roysambu store,available
NCWSC1501133125S,0.5'',roysambu,roysambu store,available
NCWSC1501133125S,0.5'',roysambu,roysambu store,available
NCWSC1501133225S,0.5'',roysambu,roysambu store,available
NCWSC1501133325S,0.5'',roysambu,roysambu store,available
NCWSC1501133425S,0.5'',roysambu,roysambu store,available
NCWSC1501133525S,0.5'',roysambu,roysambu store,available
NCWSC1501133625S,0.5'',roysambu,roysambu store,available
NCWSC1501133725S,0.5'',roysambu,roysambu store,available
NCWSC1501133825S,0.5'',roysambu,roysambu store,available
NCWSC1501133925S,0.5'',roysambu,roysambu store,available
NCWSC1501134025S,0.5'',roysambu,roysambu store,available
NCWSC1501134225s,0.5'',roysambu,roysambu store,available
NCWSC1501134425s,0.5'',roysambu,roysambu store,available
NCWSC1501135325s,0.5'',roysambu,roysambu store,available
NCWSC1501140325s,0.5'',roysambu,roysambu store,available
NCWSC1501141425S,0.5'',roysambu,roysambu store,available
NCWSC1501141525S,0.5'',roysambu,roysambu store,available
NCWSC1501141625S,0.5'',roysambu,roysambu store,available
NCWSC1501141925S,0.5'',roysambu,roysambu store,available
NCWSC1501142025S,0.5'',roysambu,roysambu store,available
NCWSC1501145125S,0.5'',roysambu,roysambu store,available
NCWSC1501145225S,0.5'',roysambu,roysambu store,available
NCWSC1501145325S,0.5'',roysambu,roysambu store,available
NCWSC1501145425S,0.5'',roysambu,roysambu store,available
NCWSC1501145525S,0.5'',roysambu,roysambu store,available
NCWSC1501145725S,0.5'',roysambu,roysambu store,available
NCWSC1501145825S,0.5'',roysambu,roysambu store,available
NCWSC1501145925S,0.5'',roysambu,roysambu store,available
NCWSC1501146025S,0.5'',roysambu,roysambu store,available
NCWSC1501148125S,0.5'',roysambu,roysambu store,available
NCWSC1501148225S,0.5'',roysambu,roysambu store,available
NCWSC1501148325S,0.5'',roysambu,roysambu store,available
NCWSC1501148525S,0.5'',roysambu,roysambu store,available
NCWSC1501148625S,0.5'',roysambu,roysambu store,available
NCWSC1501148725S,0.5'',roysambu,roysambu store,available
NCWSC1501148825S,0.5'',roysambu,roysambu store,available
NCWSC1501148925S,0.5'',roysambu,roysambu store,available
NCWSC1501149025S,0.5'',roysambu,roysambu store,available
NCWSC1504148425S,0.5'',roysambu,roysambu store,available
NCWSC 1501139825S,0.5'',roysambu,roysambu store,available
NCWSC 15013139325,0.5'',roysambu,roysambu store,available
NCWSC 1501375425S,0.5'',roysambu,roysambu store,available
NCWSC1500325024V,0.5'',roysambu,roysambu store,available
NCWSC1501121125S,0.5'',roysambu,roysambu store,available
NCWSC1501121525S,0.5'',roysambu,roysambu store,available
NCWSC1501121725S,0.5'',roysambu,roysambu store,available
NCWSC1501121925S,0.5'',roysambu,roysambu store,available
NCWSC1501122025S,0.5'',roysambu,roysambu store,available
NCWSC1501124625S,0.5'',roysambu,roysambu store,available
NCWSC1501126125S,0.5'',roysambu,roysambu store,available
NCWSC1501126225S,0.5'',roysambu,roysambu store,available
NCWSC1501126325S,0.5'',roysambu,roysambu store,available
NCWSC1501126425S,0.5'',roysambu,roysambu store,available
NCWSC1501126525S,0.5'',roysambu,roysambu store,available
NCWSC1501126625S,0.5'',roysambu,roysambu store,available
NCWSC1501126725S,0.5'',roysambu,roysambu store,available
NCWSC1501126825S,0.5'',roysambu,roysambu store,available
NCWSC1501126925S,0.5'',roysambu,roysambu store,available
NCWSC1501127025S,0.5'',roysambu,roysambu store,available
NCWSC1501127225S,0.5'',roysambu,roysambu store,available
NCWSC1501127925S,0.5'',roysambu,roysambu store,available
NCWSC1501128025S,0.5'',roysambu,roysambu store,available
NCWSC1501128425S,0.5'',roysambu,roysambu store,available
NCWSC1501129025S,0.5'',roysambu,roysambu store,available
NCWSC1501130125S,0.5'',roysambu,roysambu store,available
NCWSC1501130225S,0.5'',roysambu,roysambu store,available
NCWSC1501130325S,0.5'',roysambu,roysambu store,available
NCWSC1501130425S,0.5'',roysambu,roysambu store,available
NCWSC1501130525S,0.5'',roysambu,roysambu store,available
NCWSC1501130625S,0.5'',roysambu,roysambu store,available
NCWSC1501130825S,0.5'',roysambu,roysambu store,available
NCWSC1501130925S,0.5'',roysambu,roysambu store,available
NCWSC1501131025S,0.5'',roysambu,roysambu store,available
NCWSC1501131325S,0.5'',roysambu,roysambu store,available
NCWSC1501131425S,0.5'',roysambu,roysambu store,available
NCWSC1501131525S,0.5'',roysambu,roysambu store,available
NCWSC1501131725S,0.5'',roysambu,roysambu store,available
NCWSC1501132025S,0.5'',roysambu,roysambu store,available
NCWSC1501132125S,0.5'',roysambu,roysambu store,available
NCWSC1501132225S,0.5'',roysambu,roysambu store,available
NCWSC1501132325S,0.5'',roysambu,roysambu store,available
NCWSC1501132425S,0.5'',roysambu,roysambu store,available
NCWSC1501132525S,0.5'',roysambu,roysambu store,available
NCWSC1501132625S,0.5'',roysambu,roysambu store,available
NCWSC1501132725S,0.5'',roysambu,roysambu store,available
NCWSC1501132825S,0.5'',roysambu,roysambu store,available
NCWSC1501133025S,0.5'',roysambu,roysambu store,available
NCWSC1501135925S,0.5'',roysambu,roysambu store,available
NCWSC1501136125S,0.5'',roysambu,roysambu store,available
NCWSC1501136225S,0.5'',roysambu,roysambu store,available
NCWSC1501136325S,0.5'',roysambu,roysambu store,available
NCWSC1501136425S,0.5'',roysambu,roysambu store,available
NCWSC1501136525S,0.5'',roysambu,roysambu store,available
NCWSC1501136625S,0.5'',roysambu,roysambu store,available
NCWSC1501136825S,0.5'',roysambu,roysambu store,available
NCWSC1501136925S,0.5'',roysambu,roysambu store,available
NCWSC1501137025S,0.5'',roysambu,roysambu store,available
NCWSC1501137325S,0.5'',roysambu,roysambu store,available
NCWSC1501137525S,0.5'',roysambu,roysambu store,available
NCWSC1501137725S,0.5'',roysambu,roysambu store,available
NCWSC1501137825S,0.5'',roysambu,roysambu store,available
NCWSC1501137925S,0.5'',roysambu,roysambu store,available
NCWSC1501138825S,0.5'',roysambu,roysambu store,available
NCWSC1501139125S,0.5'',roysambu,roysambu store,available
NCWSC1501139225S,0.5'',roysambu,roysambu store,available
NCWSC1501139425S,0.5'',roysambu,roysambu store,available
NCWSC1501139525S,0.5'',roysambu,roysambu store,available
NCWSC1501139625S,0.5'',roysambu,roysambu store,available
NCWSC1501139725S,0.5'',roysambu,roysambu store,available
NCWSC1501139925S,0.5'',roysambu,roysambu store,available
NCWSC1501140025S,0.5'',roysambu,roysambu store,available
NCWSC1501141125S,0.5'',roysambu,roysambu store,available
NCWSC1501141225S,0.5'',roysambu,roysambu store,available
NCWSC1501141325S,0.5'',roysambu,roysambu store,available
NCWSC1501141425S,0.5'',roysambu,roysambu store,available
NCWSC1501141525S,0.5'',roysambu,roysambu store,available
NCWSC1501141625S,0.5'',roysambu,roysambu store,available
NCWSC1501141725S,0.5'',roysambu,roysambu store,available
NCWSC1501141825S,0.5'',roysambu,roysambu store,available
NCWSC1501142125S,0.5'',roysambu,roysambu store,available
NCWSC1501142225S,0.5'',roysambu,roysambu store,available
NCWSC1501142325S,0.5'',roysambu,roysambu store,available
NCWSC1501142425S,0.5'',roysambu,roysambu store,available
NCWSC1501142525S,0.5'',roysambu,roysambu store,available
NCWSC1501142625S,0.5'',roysambu,roysambu store,available
NCWSC1501142725S,0.5'',roysambu,roysambu store,available
NCWSC1501142825S,0.5'',roysambu,roysambu store,available
NCWSC1501142825S,0.5'',roysambu,roysambu store,available
NCWSC1501142925S,0.5'',roysambu,roysambu store,available
NCWSC1501143125S,0.5'',roysambu,roysambu store,available
NCWSC1501143225S,0.5'',roysambu,roysambu store,available
NCWSC1501143325S,0.5'',roysambu,roysambu store,available
NCWSC1501143425S,0.5'',roysambu,roysambu store,available
NCWSC1501143525S,0.5'',roysambu,roysambu store,available
NCWSC1501143625S,0.5'',roysambu,roysambu store,available
NCWSC1501143725S,0.5'',roysambu,roysambu store,available
NCWSC1501143825S,0.5'',roysambu,roysambu store,available
NCWSC1501143925S,0.5'',roysambu,roysambu store,available
NCWSC1501144125S,0.5'',roysambu,roysambu store,available
NCWSC1501144225S,0.5'',roysambu,roysambu store,available
NCWSC1501144325S,0.5'',roysambu,roysambu store,available
NCWSC1501144425S,0.5'',roysambu,roysambu store,available
NCWSC1501144525S,0.5'',roysambu,roysambu store,available
NCWSC1501144625S,0.5'',roysambu,roysambu store,available
NCWSC1501144725S,0.5'',roysambu,roysambu store,available
NCWSC1501144825S,0.5'',roysambu,roysambu store,available
NCWSC1501144925S,0.5'',roysambu,roysambu store,available
NCWSC1501145025S,0.5'',roysambu,roysambu store,available
NCWSC1501145625S,0.5'',roysambu,roysambu store,available
NCWSC1501146125S,0.5'',roysambu,roysambu store,available
NCWSC1501146525S,0.5'',roysambu,roysambu store,available
NCWSC1501146625S,0.5'',roysambu,roysambu store,available
NCWSC1501146725S,0.5'',roysambu,roysambu store,available
NCWSC1501146825S,0.5'',roysambu,roysambu store,available
NCWSC1501147025S,0.5'',roysambu,roysambu store,available
NCWSC1501147325S,0.5'',roysambu,roysambu store,available
NCWSC1501149125S,0.5'',roysambu,roysambu store,available
NCWSC1501149225S,0.5'',roysambu,roysambu store,available
NCWSC1501149325S,0.5'',roysambu,roysambu store,available
NCWSC1501149425S,0.5'',roysambu,roysambu store,available
NCWSC1501149525S,0.5'',roysambu,roysambu store,available
NCWSC1501149625S,0.5'',roysambu,roysambu store,available
NCWSC1501149725S,0.5'',roysambu,roysambu store,available
NCWSC1501149825S,0.5'',roysambu,roysambu store,available
NCWSC1501150025S,0.5'',roysambu,roysambu store,available
NCWSC1501362125S,0.5'',roysambu,roysambu store,available
NCWSC1501362225S,0.5'',roysambu,roysambu store,available
NCWSC1501362325S,0.5'',roysambu,roysambu store,available
NCWSC1501362525S,0.5'',roysambu,roysambu store,available
NCWSC1501362625S,0.5'',roysambu,roysambu store,available
NCWSC1501362725S,0.5'',roysambu,roysambu store,available
NCWSC1501362825S,0.5'',roysambu,roysambu store,available
NCWSC1501362825S,0.5'',roysambu,roysambu store,available
NCWSC1501362925S,0.5'',roysambu,roysambu store,available
NCWSC1501363025S,0.5'',roysambu,roysambu store,available
NCWSC1501363125S,0.5'',roysambu,roysambu store,available
NCWSC1501363225S,0.5'',roysambu,roysambu store,available
NCWSC1501363325S,0.5'',roysambu,roysambu store,available
NCWSC1501363425S,0.5'',roysambu,roysambu store,available
NCWSC1501363625S,0.5'',roysambu,roysambu store,available
NCWSC1501363725S,0.5'',roysambu,roysambu store,available
NCWSC1501363825S,0.5'',roysambu,roysambu store,available
NCWSC1501363825S,0.5'',roysambu,roysambu store,available
NCWSC1501364025S,0.5'',roysambu,roysambu store,available
NCWSC1501364325S,0.5'',roysambu,roysambu store,available
NCWSC1501364525S,0.5'',roysambu,roysambu store,available
NCWSC1501364925S,0.5'',roysambu,roysambu store,available
NCWSC1501365025S,0.5'',roysambu,roysambu store,available
NCWSC1501365125S,0.5'',roysambu,roysambu store,available
NCWSC1501365325S,0.5'',roysambu,roysambu store,available
NCWSC1501365425S,0.5'',roysambu,roysambu store,available
NCWSC1501365625S,0.5'',roysambu,roysambu store,available
NCWSC1501365625S,0.5'',roysambu,roysambu store,available
NCWSC1501365725S,0.5'',roysambu,roysambu store,available
NCWSC1501365825S,0.5'',roysambu,roysambu store,available
NCWSC1501365925S,0.5'',roysambu,roysambu store,available
NCWSC1501366025S,0.5'',roysambu,roysambu store,available
NCWSC1501366125S,0.5'',roysambu,roysambu store,available
NCWSC1501366225S,0.5'',roysambu,roysambu store,available
NCWSC1501366325S,0.5'',roysambu,roysambu store,available
NCWSC1501366825S,0.5'',roysambu,roysambu store,available
NCWSC1501366825S,0.5'',roysambu,roysambu store,available
NCWSC1501366925S,0.5'',roysambu,roysambu store,available
NCWSC1501367025S,0.5'',roysambu,roysambu store,available
NCWSC1501367125S,0.5'',roysambu,roysambu store,available
NCWSC1501367225S,0.5'',roysambu,roysambu store,available
NCWSC1501367325S,0.5'',roysambu,roysambu store,available
NCWSC1501367425S,0.5'',roysambu,roysambu store,available
NCWSC1501367525S,0.5'',roysambu,roysambu store,available
NCWSC1501367625S,0.5'',roysambu,roysambu store,available
NCWSC1501367725S,0.5'',roysambu,roysambu store,available
NCWSC1501367825S,0.5'',roysambu,roysambu store,available
NCWSC1501367925S,0.5'',roysambu,roysambu store,available
NCWSC1501369125S,0.5'',roysambu,roysambu store,available
NCWSC1501369225S,0.5'',roysambu,roysambu store,available
NCWSC1501369325S,0.5'',roysambu,roysambu store,available
NCWSC1501369425S,0.5'',roysambu,roysambu store,available
NCWSC1501369525S,0.5'',roysambu,roysambu store,available
NCWSC1501369625S,0.5'',roysambu,roysambu store,available
NCWSC1501369725S,0.5'',roysambu,roysambu store,available
NCWSC1501369825S,0.5'',roysambu,roysambu store,available
NCWSC1501369925S,0.5'',roysambu,roysambu store,available
NCWSC1501370025S,0.5'',roysambu,roysambu store,available
NCWSC1501371125S,0.5'',roysambu,roysambu store,available
NCWSC1501371525S,0.5'',roysambu,roysambu store,available
NCWSC1501372025S,0.5'',roysambu,roysambu store,available
NCWSC1501372125S,0.5'',roysambu,roysambu store,available
NCWSC1501372225S,0.5'',roysambu,roysambu store,available
NCWSC1501372325S,0.5'',roysambu,roysambu store,available
NCWSC1501372425S,0.5'',roysambu,roysambu store,available
NCWSC1501372525S,0.5'',roysambu,roysambu store,available
NCWSC1501372525S,0.5'',roysambu,roysambu store,available
NCWSC1501372725S,0.5'',roysambu,roysambu store,available
NCWSC1501372725S,0.5'',roysambu,roysambu store,available
NCWSC1501373025S,0.5'',roysambu,roysambu store,available
NCWSC1501373325S,0.5'',roysambu,roysambu store,available
NCWSC1501373425S,0.5'',roysambu,roysambu store,available
NCWSC1501373925S,0.5'',roysambu,roysambu store,available
NCWSC1501374325S,0.5'',roysambu,roysambu store,available
NCWSC1501374425S,0.5'',roysambu,roysambu store,available
NCWSC1501374525S,0.5'',roysambu,roysambu store,available
NCWSC1501374625S,0.5'',roysambu,roysambu store,available
NCWSC1501374725S,0.5'',roysambu,roysambu store,available
NCWSC1501374825S,0.5'',roysambu,roysambu store,available
NCWSC1501374925S,0.5'',roysambu,roysambu store,available
NCWSC1501375125S,0.5'',roysambu,roysambu store,available
NCWSC1501375225S,0.5'',roysambu,roysambu store,available
NCWSC1501375325S,0.5'',roysambu,roysambu store,available
NCWSC1501375525S,0.5'',roysambu,roysambu store,available
NCWSC1501375625S,0.5'',roysambu,roysambu store,available
NCWSC1501375725S,0.5'',roysambu,roysambu store,available
NCWSC1501375825S,0.5'',roysambu,roysambu store,available
NCWSC1501375925S,0.5'',roysambu,roysambu store,available
NCWSC1501376025S,0.5'',roysambu,roysambu store,available
NCWSC1501376125S,0.5'',roysambu,roysambu store,available
NCWSC1501376225S,0.5'',roysambu,roysambu store,available
NCWSC1501376325S,0.5'',roysambu,roysambu store,available
NCWSC1501376425S,0.5'',roysambu,roysambu store,available
NCWSC1501376525S,0.5'',roysambu,roysambu store,available
NCWSC1501376725S,0.5'',roysambu,roysambu store,available
NCWSC1501376825S,0.5'',roysambu,roysambu store,available
NCWSC1501377025S,0.5'',roysambu,roysambu store,available
NCWSC1501377125S,0.5'',roysambu,roysambu store,available
NCWSC1501377225S,0.5'',roysambu,roysambu store,available
NCWSC1501377325S,0.5'',roysambu,roysambu store,available
NCWSC1501377425S,0.5'',roysambu,roysambu store,available
NCWSC1501377525S,0.5'',roysambu,roysambu store,available
NCWSC1501377625S,0.5'',roysambu,roysambu store,available
NCWSC1501377825S,0.5'',roysambu,roysambu store,available
NCWSC1501377925S,0.5'',roysambu,roysambu store,available
NCWSC1501378025S,0.5'',roysambu,roysambu store,available
NCWSC1501380125S,0.5'',roysambu,roysambu store,available
NCWSC1501380225S,0.5'',roysambu,roysambu store,available
NCWSC1501380325S,0.5'',roysambu,roysambu store,available
NCWSC1501380425S,0.5'',roysambu,roysambu store,available
NCWSC1501380525S,0.5'',roysambu,roysambu store,available
NCWSC1501380625,0.5'',roysambu,roysambu store,available
NCWSC1501380725,0.5'',roysambu,roysambu store,available
NCWSC1501380825,0.5'',roysambu,roysambu store,available
NCWSC1501380925S,0.5'',roysambu,roysambu store,available
NCWSC1501381025S,0.5'',roysambu,roysambu store,available
NCWSC1501381825S,0.5'',roysambu,roysambu store,available
NCWSC1501382125S,0.5'',roysambu,roysambu store,available
NCWSC1501382225S,0.5'',roysambu,roysambu store,available
NCWSC1501382325S,0.5'',roysambu,roysambu store,available
NCWSC1501382425S,0.5'',roysambu,roysambu store,available
NCWSC1501382525S,0.5'',roysambu,roysambu store,available
NCWSC1501382625S,0.5'',roysambu,roysambu store,available
NCWSC1501382725S,0.5'',roysambu,roysambu store,available
NCWSC1501382825S,0.5'',roysambu,roysambu store,available
NCWSC1501382925S,0.5'',roysambu,roysambu store,available
NCWSC1501383025S,0.5'',roysambu,roysambu store,available
NCWSC1501383125S,0.5'',roysambu,roysambu store,available
NCWSC1501383225S,0.5'',roysambu,roysambu store,available
NCWSC1501383325S,0.5'',roysambu,roysambu store,available
NCWSC1501383425S,0.5'',roysambu,roysambu store,available
NCWSC1501383925S,0.5'',roysambu,roysambu store,available
NCWSC1501385125S,0.5'',roysambu,roysambu store,available
NCWSC1501385225S,0.5'',roysambu,roysambu store,available
NCWSC1501385325S,0.5'',roysambu,roysambu store,available
NCWSC1501385425S,0.5'',roysambu,roysambu store,available
NCWSC1501385525S,0.5'',roysambu,roysambu store,available
NCWSC1501385625S,0.5'',roysambu,roysambu store,available
NCWSC1501385725S,0.5'',roysambu,roysambu store,available
NCWSC1501385825S,0.5'',roysambu,roysambu store,available
NCWSC1501385925S,0.5'',roysambu,roysambu store,available
NCWSC1501386025S,0.5'',roysambu,roysambu store,available
NCWSC1501386125S,0.5'',roysambu,roysambu store,available
NCWSC1501386225S,0.5'',roysambu,roysambu store,available
NCWSC1501386325S,0.5'',roysambu,roysambu store,available
NCWSC1501386425S,0.5'',roysambu,roysambu store,available
NCWSC1501386525S,0.5'',roysambu,roysambu store,available
NCWSC1501386625S,0.5'',roysambu,roysambu store,available
NCWSC1501386725S,0.5'',roysambu,roysambu store,available
NCWSC1501386825,0.5'',roysambu,roysambu store,available
NCWSC1501386925S,0.5'',roysambu,roysambu store,available
NCWSC1501387025S,0.5'',roysambu,roysambu store,available
NCWSC1501390325S,0.5'',roysambu,roysambu store,available
NCWSC1501390425s,0.5'',roysambu,roysambu store,available
NCWSC1501390725S,0.5'',roysambu,roysambu store,available
NCWSC1501390925S,0.5'',roysambu,roysambu store,available
NCWSC1501391025S,0.5'',roysambu,roysambu store,available
NCWSC1501392125S,0.5'',roysambu,roysambu store,available
NCWSC1501392225S,0.5'',roysambu,roysambu store,available
NCWSC1501392325S,0.5'',roysambu,roysambu store,available
NCWSC1501392525S,0.5'',roysambu,roysambu store,available
NCWSC1501392625S,0.5'',roysambu,roysambu store,available
NCWSC1501392725S,0.5'',roysambu,roysambu store,available
NCWSC1501392725S,0.5'',roysambu,roysambu store,available
NCWSC1501392725S,0.5'',roysambu,roysambu store,available
NCWSC1501392825S,0.5'',roysambu,roysambu store,available
NCWSC1501392925S,0.5'',roysambu,roysambu store,available
NCWSC1501394125S,0.5'',roysambu,roysambu store,available
NCWSC1501394225S,0.5'',roysambu,roysambu store,available
NCWSC1501394325S,0.5'',roysambu,roysambu store,available
NCWSC1501394425S,0.5'',roysambu,roysambu store,available
NCWSC1501394525S,0.5'',roysambu,roysambu store,available
NCWSC1501394625S,0.5'',roysambu,roysambu store,available
NCWSC1501394725S,0.5'',roysambu,roysambu store,available
NCWSC1501394825S,0.5'',roysambu,roysambu store,available
NCWSC1501394925S,0.5'',roysambu,roysambu store,available
NCWSC1501395025S,0.5'',roysambu,roysambu store,available
NCWSC1501396125,0.5'',roysambu,roysambu store,available
NCWSC1501396325S,0.5'',roysambu,roysambu store,available
NCWSC1501396425S,0.5'',roysambu,roysambu store,available
NCWSC1501396525S,0.5'',roysambu,roysambu store,available
NCWSC1501396625S,0.5'',roysambu,roysambu store,available
NCWSC1501396925S,0.5'',roysambu,roysambu store,available
NCWSC1501398125S,0.5'',roysambu,roysambu store,available
NCWSC1501398225S,0.5'',roysambu,roysambu store,available
NCWSC1501398525S,0.5'',roysambu,roysambu store,available
NCWSC1501398625S,0.5'',roysambu,roysambu store,available
NCWSC1501398625S,0.5'',roysambu,roysambu store,available
NCWSC1501398725S,0.5'',roysambu,roysambu store,available
NCWSC1501398825S,0.5'',roysambu,roysambu store,available
NCWSC1501398925S,0.5'',roysambu,roysambu store,available
NCWSC1501399025S,0.5'',roysambu,roysambu store,available
NCWSC1501399225S,0.5'',roysambu,roysambu store,available
NCWSC1501399325S,0.5'',roysambu,roysambu store,available
NCWSC1501399425S,0.5'',roysambu,roysambu store,available
NCWSC1501399425S,0.5'',roysambu,roysambu store,available
NCWSC1501399725S,0.5'',roysambu,roysambu store,available
NCWSC1501399825S,0.5'',roysambu,roysambu store,available
NCWSC1501400225S,0.5'',roysambu,roysambu store,available
NCWSC1501401025S,0.5'',roysambu,roysambu store,available
NCWSC1501417125S,0.5'',roysambu,roysambu store,available
NCWSC1501417225S,0.5'',roysambu,roysambu store,available
NCWSC1501417325S,0.5'',roysambu,roysambu store,available
NCWSC1501417425,0.5'',roysambu,roysambu store,available
NCWSC1501417625S,0.5'',roysambu,roysambu store,available
NCWSC1501417725,0.5'',roysambu,roysambu store,available
NCWSC1501417825,0.5'',roysambu,roysambu store,available
NCWSC1501417925,0.5'',roysambu,roysambu store,available
NCWSC1501418025S,0.5'',roysambu,roysambu store,available
NCWSC1507916916,0.5'',roysambu,roysambu store,available
NCWSC2000101825S,0.75'',roysambu,roysambu store,available
NCWSC2000101925S,0.75'',roysambu,roysambu store,available
NCWSC2000102025S,0.75'',roysambu,roysambu store,available
NCWSC2000102125S,0.75'',roysambu,roysambu store,available
NCWSC2000102225S,0.75'',roysambu,roysambu store,available
NCWSC2000102325S,0.75'',roysambu,roysambu store,available
NCWSC2000102425S,0.75'',roysambu,roysambu store,available
NCWSC2000102525S,0.75'',roysambu,roysambu store,available
NCWSC2000102625S,0.75'',roysambu,roysambu store,available
NCWSC2000102725S,0.75'',roysambu,roysambu store,available
NCWSC2000102825S,0.75'',roysambu,roysambu store,available
NCWSC2000103125S,0.75'',roysambu,roysambu store,available
NCWSC2000103325S,0.75'',roysambu,roysambu store,available
NCWSC2000103425S,0.75'',roysambu,roysambu store,available
NCWSC2000103525S,0.75'',roysambu,roysambu store,available
NCWSC2000103625S,0.75'',roysambu,roysambu store,available
NCWSC2000103725S,0.75'',roysambu,roysambu store,available
NCWSC2000103825S,0.75'',roysambu,roysambu store,available
NCWSC2000103925S,0.75'',roysambu,roysambu store,available
NCWSC2000104025S,0.75'',roysambu,roysambu store,available
NCWSC2000104125S,0.75'',roysambu,roysambu store,available
NCWSC2000104225S,0.75'',roysambu,roysambu store,available
NCWSC2000104325S,0.75'',roysambu,roysambu store,available
NCWSC2000104425S,0.75'',roysambu,roysambu store,available
NCWSC2000104525S,0.75'',roysambu,roysambu store,available
NCWSC2000104625S,0.75'',roysambu,roysambu store,available
NCWSC2000104725S,0.75'',roysambu,roysambu store,available
NCWSC2000104825S,0.75'',roysambu,roysambu store,available
NCWSC2000104925s,0.75'',roysambu,roysambu store,available
NCWSC2000105025S,0.75'',roysambu,roysambu store,available
NCWSC2000105125S,0.75'',roysambu,roysambu store,available
NCWSC2000105225S,0.75'',roysambu,roysambu store,available
NCWSC2000105325S,0.75'',roysambu,roysambu store,available
NCWSC2000105425S,0.75'',roysambu,roysambu store,available
NCWSC2000105525S,0.75'',roysambu,roysambu store,available
NCWSC2000105625S,0.75'',roysambu,roysambu store,available
NCWSC2000105825S,0.75'',roysambu,roysambu store,available
NCWSC2000105925S,0.75'',roysambu,roysambu store,available
NCWSC2000106025S,0.75'',roysambu,roysambu store,available
NCWSC2000106125S,0.75'',roysambu,roysambu store,available
NCWSC2000106225S,0.75'',roysambu,roysambu store,available
NCWSC2000106325S,0.75'',roysambu,roysambu store,available
NCWSC2000106425S,0.75'',roysambu,roysambu store,available
NCWSC2000106525S,0.75'',roysambu,roysambu store,available
NCWSC2000106625S,0.75'',roysambu,roysambu store,available
NCWSC2000106725S,0.75'',roysambu,roysambu store,available
NCWSC2000106825S,0.75'',roysambu,roysambu store,available
NCWSC2000106925S,0.75'',roysambu,roysambu store,available
NCWSC2000107025S,0.75'',roysambu,roysambu store,available
NCWSC2000107125S,0.75'',roysambu,roysambu store,available
NCWSC2000107225S,0.75'',roysambu,roysambu store,available
NCWSC2000107325S,0.75'',roysambu,roysambu store,available
NCWSC2000107425S,0.75'',roysambu,roysambu store,available
NCWSC2000107525S,0.75'',roysambu,roysambu store,available
NCWSC2000107625S,0.75'',roysambu,roysambu store,available
NCWSC2000107725S,0.75'',roysambu,roysambu store,available
NCWSC2000107825S,0.75'',roysambu,roysambu store,available
NCWSC2000107925S,0.75'',roysambu,roysambu store,available
NCWSC2000108025S,0.75'',roysambu,roysambu store,available
NCWSC2000108125S,0.75'',roysambu,roysambu store,available
NCWSC2000108225S,0.75'',roysambu,roysambu store,available
NCWSC2000108325S,0.75'',roysambu,roysambu store,available
NCWSC2000108425S,0.75'',roysambu,roysambu store,available
NCWSC2000108525S,0.75'',roysambu,roysambu store,available
NCWSC2000108625S,0.75'',roysambu,roysambu store,available
NCWSC2000108725S,0.75'',roysambu,roysambu store,available
NCWSC2000108925S,0.75'',roysambu,roysambu store,available
NCWSC2000109025S,0.75'',roysambu,roysambu store,available
NCWSC2000109125S,0.75'',roysambu,roysambu store,available
NCWSC2000109225S,0.75'',roysambu,roysambu store,available
NCWSC2000109325S,0.75'',roysambu,roysambu store,available
NCWSC2000109425S,0.75'',roysambu,roysambu store,available
NCWSC2000109525S,0.75'',roysambu,roysambu store,available
NCWSC2000109625S,0.75'',roysambu,roysambu store,available
NCWSC2000109725S,0.75'',roysambu,roysambu store,available
NCWSC2500057425S,"1""",roysambu,roysambu store,available
NCWSC2500057525S,"1""",roysambu,roysambu store,available
NCWSC2500057625S,"1""",roysambu,roysambu store,available
NCWSC2500057725S,"1""",roysambu,roysambu store,available
NCWSC2500057825S,"1""",roysambu,roysambu store,available
NCWSC2500057925S,"1""",roysambu,roysambu store,available
NCWSC2500058025S,"1""",roysambu,roysambu store,available
NCWSC2500058125S,"1""",roysambu,roysambu store,available
NCWSC2500058225S,"1""",roysambu,roysambu store,available
NCWSC2500058325S,"1""",roysambu,roysambu store,available
NCWSC2500058425S,"1""",roysambu,roysambu store,available
NCWSC2500058525S,"1""",roysambu,roysambu store,available
NCWSC2500058625S,"1""",roysambu,roysambu store,available
NCWSC2500058725S,"1""",roysambu,roysambu store,available
NCWSC2500058825S,"1""",roysambu,roysambu store,available
NCWSC2500058925S,"1""",roysambu,roysambu store,available
NCWSC2500059025S,"1""",roysambu,roysambu store,available
NCWSC2500059125S,"1""",roysambu,roysambu store,available
NCWSC2500059225S,"1""",roysambu,roysambu store,available
NCWSC2500059325S,"1""",roysambu,roysambu store,available
NCWSC4000005225S,1.5'',roysambu,roysambu store,available
NCWSC4000005325S,1.5'',roysambu,roysambu store,available
NCWSC4000005425S,1.5'',roysambu,roysambu store,available
NCWSC4000005525S,1.5'',roysambu,roysambu store,available
NCWSC4000005625S,1.5'',roysambu,roysambu store,available
NCWSC4000005725S,1.5'',roysambu,roysambu store,available